ID,CATEGORY,NAME,PATH,EXTRA
1,2-Second,Link1,/intra#area-news,
2,2-Second,Link2,/intra#area-news,
3,1-First,Link1,/intra#area-news,
4,1-First,Link2,/intra#area-news,
5,3-Third,Link1,/intra#area-news,
6,1-First,Link3,/intra#area-news,
1523690963276,"1-First","The 22X Fund and Democratizing Startup Investment","https://readwrite.com/#awesm=~ovxOwJbyWpx4zv",
"1523775855518","3-Third","dfdfsdfdsa","fdsfsdfsad"
"1523776052897","3-Third","iiii","iiii"
"1523776229170","3-Third","tttttttt","tttt"
"1523776270788","3-Third","yyy","yyy"
"1523776355174","3-Third","qqqq","qqq"
"1523776582447","3-Third","uuuu","uuu"
"1523776666512","3-Third","xxx","xx"
